a5de68cd-57eb-4d6d-87e9-88b503754683,24hGSzBhYhzNZTXtGdBQZ7Ey9Byb4Mufxt6VHcsapf1M58Qhp8nmvodC3UEXecHLqY7WzTi7NAPoJfPScpuXqsNR,24hGSzBhYhzNZTXtGdBQZ7Ey9Byb4Mufxt6VHcsapf1M58Qhp8nmvodC3UEXecHLqY7WzTi7NAPoJfPScpuXqsNR,FAILED
bcb33116-6e1d-4104-bd22-77b45b09da1d,2suPqrQFzKPy1NzXPXDy83nFN4KUGp9S1eZvSNRfQYFLVPvuc9qqp6GnvdJUhiXQ24aDDYj361ZGZhswCzmVZ71m,2suPqrQFzKPy1NzXPXDy83nFN4KUGp9S1eZvSNRfQYFLVPvuc9qqp6GnvdJUhiXQ24aDDYj361ZGZhswCzmVZ71m,FAILED
899da305-946f-41c6-9967-e04307885d58,32tQo1mDFYe3mXbc9pY1QdPgDaKFZZ5ELMq3xtyyyTZM1T4YVnwS8KEzZso1Bkd61hhyZNteGQL4MhPw4NJBciN6,32tQo1mDFYe3mXbc9pY1QdPgDaKFZZ5ELMq3xtyyyTZM1T4YVnwS8KEzZso1Bkd61hhyZNteGQL4MhPw4NJBciN6,FAILED
842118c8-5d1d-429f-83fe-6c494c6160ea,3aTsTSEbnhmh64KA3cKkhcjLt9VKam9LK7a8oCrLbiVw3uSJkD1T3SxwCjJ9ufYMhJ87pDXRi1RA9DY97FxnypEE,3aTsTSEbnhmh64KA3cKkhcjLt9VKam9LK7a8oCrLbiVw3uSJkD1T3SxwCjJ9ufYMhJ87pDXRi1RA9DY97FxnypEE,FAILED
44dbf7b9-d815-4abc-891d-8c12a624807a,4hMmJkRfng4xv6yDEF3s315FKz27PmuNskL7h4Exg9AdZpajUYrq1CWzsy7KfXzRfVNJe3XAZoQXbaKUtu5a6FrZ,4hMmJkRfng4xv6yDEF3s315FKz27PmuNskL7h4Exg9AdZpajUYrq1CWzsy7KfXzRfVNJe3XAZoQXbaKUtu5a6FrZ,FAILED
77de653a-9ca8-4a06-a914-209df22240b6,54z8w9epwG5RoZfDkmhFLxVruWTojpYShvX1xoudpLekEMrSZFr4BhKQ3vUqBvpkTd6TJy73JxTiqPVc6k1cSxTE,54z8w9epwG5RoZfDkmhFLxVruWTojpYShvX1xoudpLekEMrSZFr4BhKQ3vUqBvpkTd6TJy73JxTiqPVc6k1cSxTE,FAILED
1fa62f6f-b3bb-484e-b2da-eb2e55eb92b5,5Ck7xJLrWZZrF28sgV6m5CXgEadwPvhFbp4U8eqsE2RX4DS6VKAdKaKKoV2xqm99f98WqAcEQ4ipxQqnKssADwFH,5Ck7xJLrWZZrF28sgV6m5CXgEadwPvhFbp4U8eqsE2RX4DS6VKAdKaKKoV2xqm99f98WqAcEQ4ipxQqnKssADwFH,FAILED
5820b0d0-a070-4fc9-bcaf-eda15c17c712,5bLm7jDA4LMUKVwxNdeWXUAvmad9W3gaCE4WQutLQRuNXfU4vPLZsMT7YUYZxLUUUufbq2tyrgdHMfhCaqUJs4Fj,5bLm7jDA4LMUKVwxNdeWXUAvmad9W3gaCE4WQutLQRuNXfU4vPLZsMT7YUYZxLUUUufbq2tyrgdHMfhCaqUJs4Fj,FAILED
97168e65-cdce-4399-8f60-3b1dca2613dd,5dFtcjkMHyLGZrJmDG29nX1f36WwYguVL9NMt8dg9tm1PCUPgY6VrqZ2ZXcoQoZ56Z1xmUsQYu26DQDLvCJNNtiQ,5dFtcjkMHyLGZrJmDG29nX1f36WwYguVL9NMt8dg9tm1PCUPgY6VrqZ2ZXcoQoZ56Z1xmUsQYu26DQDLvCJNNtiQ,FAILED
c5ebc3e7-f2f6-4fde-8f4a-c12adb14c9bc,5mLddYzkZ1p7uk7BftmchXRfHVYyn9qR4UGEWJ7WJUpAvFizQqC6CB52sFoumr8aNwamSFzy5NS6phd9a5vwzDo1,5mLddYzkZ1p7uk7BftmchXRfHVYyn9qR4UGEWJ7WJUpAvFizQqC6CB52sFoumr8aNwamSFzy5NS6phd9a5vwzDo1,FAILED
c9265ab4-80e3-4c37-a58a-93938d0c2bf7,5xJNVPZeSbyYK2YWUJBkeDw7KucLD7XTKYiW4UtMYyD5w1x1m1GpGpxBLDkepoQvuC1ZbeZkvmDifJTvBKa7r7Tf,5xJNVPZeSbyYK2YWUJBkeDw7KucLD7XTKYiW4UtMYyD5w1x1m1GpGpxBLDkepoQvuC1ZbeZkvmDifJTvBKa7r7Tf,FAILED
18fe8d07-bcff-43a1-8483-61509c583965,9sWBfB3HuS89ictFeYpkeL9gG6gNUgWRm4S5HrZ6aEd256Qg9xTk19JZqJPfC4iJ7jE3yUkNKFBCbRBUa4X6Svt,9sWBfB3HuS89ictFeYpkeL9gG6gNUgWRm4S5HrZ6aEd256Qg9xTk19JZqJPfC4iJ7jE3yUkNKFBCbRBUa4X6Svt,FAILED
