acefa487-2457-4f15-9984-0532caa99929,23MdAphf1w1AoxxoDQwvFH6ECSRzPmULrUBzSxKt6JFHj4YwVHMBj75ucfmyA7iu1cy8yuczVSGbPK2cbcjsFEki,,NOT_EXISTS
e2fc127a-d455-4da7-af29-fd311fdc20b4,2ArvDSNXA1m5HKDdJnhJiPM8V65XGEz3QZDCYZZ8igVRv8KqtJazr618GWJTtuc94pEKwG4EcEepmrCZw7i2mRab,,NOT_EXISTS
354625a1-a8a5-4259-aac8-c82c1c8e2a05,2EhXBmbDohojCiS3LxRyMKvtDGsX3QJiiJ6NCSK8QB13dECujNP4FdMYvUEfpzPEYJavRx2zUaZabAjctSar7G3N,,NOT_EXISTS
963e9be6-e866-4457-ae0c-0fc202be2353,2MLA199dMEFjxwYTgKCXLQkczRTLx8zgQs4827cAYBS2CdTMFNiMXKT3huKhJhJsPs6WztTd1eUcQ4nCNry8QZfg,,NOT_EXISTS
0b4e1dd2-ab24-4ad5-b168-11badf0ee00f,2UpdHK1xtdiWiQLgKjg1Gg5b9ber86NLv6UaAyLTRtw9dNwFSJK7Xajts2q7DA4oAUuCsY8EmR8nfBjJ95uRe4uC,,NOT_EXISTS
a3136c15-2ab0-43fd-ab39-1cdd00b8c4d7,2h7vuVfYJPhY5yPA6X3fhBdv1xr4DrYGfwyi4sKq42e7MuppUrKHqjcCcJ8t5AkD4fvGVTvroFeip1HpRioDMnDM,,NOT_EXISTS
32f134b7-c255-493a-87f1-6b64c3d84d15,2myyM4ib8oixCTAzAYw8DVQDqyxUFJWtM8ymiTwEyS7FhxaV86kMxTAHu7VXr5zEgkQUSWWw7A8dfjtXAqrETjPb,,NOT_EXISTS
af6eae77-8bcf-4316-ad24-5cb359935649,32QVBni1veLwNk9gm2qp2FDmkTmcxqt23SY3wJPENKnZDsGVRR3neZnuZB18imWKnnipRz9BbtBC58KPQbyAqB3T,,NOT_EXISTS
59d16e60-71d5-4627-add6-e31806cebdcb,3CJkfCWTPCKS8mRvA9Xu6N7dmd3TiELEJNzfCMxvNDYotQ6y3CUSWY3f97aJ4H3ohxZzxzcDrXXnW2vUQWa7d7kE,,NOT_EXISTS
7639bbb2-fd72-461b-9979-fe7ee7989b57,3CJeZvLxbFVR6xTwMbVUJHTqJjCvxat36cw7MrEiAAHFfcGFY4jMFM2g1tMetsdi8gFhUM9yhRzet2KrcVjewTkT,,NOT_EXISTS
dee3f88a-9a1b-4d8f-aa67-2d189c6cf872,3CHQo7ThEh34z88C9p2S5fFVTfYYZ9PrMxdGPoEKJAyAULvWBvL8qA1znEsFJbXxJ6UUV9sQ4EipA6zeNaWkw85X,,NOT_EXISTS
e8829197-fca6-49f5-b9cb-d05d3a53576d,3HZCRHggqTg9dvh8LkM8rWapCSnnwJLnyTnbsigorx5T3gnpirkcdQq9tkqwsfAzdKJVWQEssxHNg6CbVPZoDgrm,,NOT_EXISTS
e914ec58-d527-4801-8e55-395d58660e55,3RFZsqEEoMgUBz2vBGrV9KrqLRC22fvre5biviEDhUZ4SdDPpB2QyQ8WvFq1ifPE1TWTyab2wqqCYhw7bPfp8kCv,,NOT_EXISTS
4aae7dce-bcc7-49a8-afc2-5cd2dd56f1ee,3WtzZ3koL16HsfnpHahz5tdspPsYeRi6GR4aU5wFjXLJU3hVxznRxxrgV8DN8EnawAuqnrjawDRTViLQpKaeBjCZ,,NOT_EXISTS
43e0cf59-30e7-47f4-b477-9d2132154bfa,3XP5Wqqq3f5ZGPF1J25qZaRMH97h9YKqqBEid15Qadsc6nvcm7cbLBjwP4E5dRhxZ4gZhzMHR5Szku1H9SJQFTuR,,NOT_EXISTS
3649e173-bb97-427b-a28a-3c2427474cba,3XNQz8Cw2gtBP8jCfoXLWjayt72yANY6A2xQ7YY61aonuJwpUjEedr7fUV6ZDh4KJGoe6MBYvYW2YwvpPiWKYWH4,,NOT_EXISTS
90970c8f-adeb-427a-a84c-632a27ea7bd4,3YmW9EGTHW6XZRJAwQNLB55FV3LF1c92a9DgwzZrr7WCckajLyJGwSYsw264UmSFXmm3HtVWgsay8sf2BkdmJLpK,,NOT_EXISTS
4fbb1ba9-4632-43ba-b288-45fe9a8e5152,3YmQuaGPKu3Ep6Mn3riEy31BPAdqtEne2FrMfkLZ61s89TgYRvwXyd4UrQowuzYSvr2PqSKntGh3WT9LMyPaA4G2,,NOT_EXISTS
0c834b16-1ca1-43c5-af39-ba5c53e16aac,3YkieH2R1rqNNsEdubwmkCCPnLA3LKNWudo6oc1dBb9eiz1Kx8u5gPGmqjFcohYed7si5xjLZWYmwXzsWsF4TwVN,,NOT_EXISTS
a3cbfce5-6d95-4f53-aa00-9147cc39c954,3aAr6A3c9FezDgAeojJsFMyVVAjnpoJiwpomSgAJWXR1MZ8LH69yFk8L27g7ypSiZTuPGcAUU11bwnvFVDvdecDx,,NOT_EXISTS
d32bdc98-94dd-4755-b0f3-808d859d34c4,3aA9bzA9uxYEM3jA1tnqyGq3vsDUCuhrrnVewbwhvEdjsS2reDzMKUQL42RRpB6S7G4KMfHnzKQVink15znuJ3Lj,,NOT_EXISTS
5196772e-c3c7-4c64-9ef4-d83b76fa91f3,3a8w1gS7YmVGqFDDGJyPpaBG2CngyuSoHxxHo3TRTC9RL2a46j8JNzh7CQxoV2GSvfVhxQ9MmUZrzfg7Kq74FBVn,,NOT_EXISTS
79b05778-b392-4903-980b-45b4a3f12944,3azYCM3VqJBCejBwKy7KE8AnSERveX2rmBhaqmC1HxAvspBCcZD8aGhjgtpZCLrGWgbj8oFFQLGRQEWBJPabmz2m,,NOT_EXISTS
e655de9c-8b81-43f4-8517-55f1ea001860,3bNvBEoP3QX17JJbpLMkjdvbTG7Ygxnx1TNjMRHTMnEQ7zs2RxnFmPAFAGZrAU5dFkTQJqdQUdt8q9gwE7VxHKAD,,NOT_EXISTS
5c9e7e72-5910-48e5-8e18-9e254e9462fe,3cmzRiujDVKM6Mu8dTzMr9e1CTmo6cF6gecQ9PbC65mJ1kxphmnB854TnNUNzWxowxvXuccjHQ1uhKYYGXcniGg4,,NOT_EXISTS
7b1091fd-5380-4302-8309-8d737b3f5eaf,3cmcR2tidj2LtNDe73uGtcMJFnjxr27jh8eDhz4NT6dpybQJF34DeF7QaHmArJZpcyqXtvZDy4ESr1D8xmkG2cWM,,NOT_EXISTS
160347be-c064-4a4b-90bc-ec477d97cb91,3ckqdehhFPaL6sgjhKvGGL3efzt9YCGDFGpmuHNzYZXs7YxaUBdQt2tdb4PwSBqGYJnot3S9WNx7Uqy8vYskDBT,,NOT_EXISTS
62c9169f-0d37-4d53-aefd-f342f22dd985,3dzHA35MDiYbJJEAAAbVPjFqgN5rXGn4xQFn8rWACg72JpBYkaR43UhoXwgCjbgJ62EookvH55U7CyJhgS7fjgmh,,NOT_EXISTS
b5641562-75a6-49b1-b7e0-9b73ef7bf146,3dyozYNFs4wuzGmK6ouYQqzk1K2WuFopRW2JNyqB39HraurLZ23pnCZRdeGFJ4XArF4UeM1fFquTPPMVtEvVnHrA,,NOT_EXISTS
c324b41d-baaa-43dd-afc5-318d05ea34db,3dyTVmfmdLSPzxbi3u6vuGsgqJs7NWZQp8iJT82QLmbdam7Z4yy2nNFsSkvTLNY66NCyWsFpjNc2NVGMzdUbmhze,,NOT_EXISTS
e16b0504-6b3d-44fe-9427-6c8a9a42f57b,3dxC1x4au7v8ivNKEytxuvketBpLsY8wXSb1WQpbwAtk5SR8oMhNsxxcY5iZXCMQb51qVqKyLjrHnqhVfipKfxxh,,NOT_EXISTS
caa2a250-9d8d-4c5d-b534-d0eb508febff,3fJWuBFRqAxYvWEVv5DU7gXEottgxzCbZeLSQhRGxZUm6WDe3y2HNgMeCEFkpzMovQBk8MjMJz3wFvBns4gxb1UC,,NOT_EXISTS
f6d72943-4f4f-40f2-b1b3-7b3060f8398c,3fUgTGDXgcskRyjNVPvrvLwN1MzohTdCrrNRhNC7DkZxfxZ9dqVkabsGuHShBukYbfrjLgb6H4FUaH6PqwKHDXUR,,NOT_EXISTS
46d85fc4-d519-446a-900f-3886a55d1a67,3fTsX8n1QjUvokZc2LWr4VKe4KWK5xwSHFTee2qq2nfznk17UBG5HzisxcADJtDizftWrDemWVY6tZACUDTBakx4,,NOT_EXISTS
e5fbe85c-4178-4a31-859f-5179ab724ba5,3k7auApz2zM8sb1WKU9fYespUtUHswLbgr7Jk2hybSG4tCPr3uHdecwoSM9sDhACkzSD5wb9f9RRG5zv7vhV1hsR,,NOT_EXISTS
af79f3f7-0665-4af2-80ac-04e8038b2e11,3k6vkFWSUpDjYTF3QBTWWq6Xg1Cd7KtCXEWcgjhJvdDRHYNN4U9zkqfr3tdGySTGEPn5ediLtyZvmGukzsBym4zM,,NOT_EXISTS
02e7a476-e33a-47c8-b552-60c868361418,3k4BAmL1beNxvhmDQ1ERZmyw8GN8TGPiFGhNupHP3aZkyutMR73gZwdD2TxbpQLAnvNoXqA5pR3x7SirA2iRTNmf,,NOT_EXISTS
cd1fc405-a231-4f06-9168-08afde929202,3mjUrdXzUAdFMbJKpw9RNQ4FePW6DtcrjND2EBo8DfvojW1kUbfomAm4DxrMMkHe2gPyrNnUX68yE5PYpEKgmt3N,,NOT_EXISTS
59ae9e08-0183-4515-9246-cbfd72787f5a,3mh6ZiwysCmPaHvYQJKx8gzqE35tDg7umeVk4DLj5cd43z18Tw4dSW6BoP2L4kZdRit2YP6kAVE4opin3pYKUAZ9,,NOT_EXISTS
2973224a-0762-4bc7-b31e-766e9db56467,3mgCaJJfaHa9azqKhKcwsdovmcQQL11M8oKVPbsxg83M4BTJ4YB1Tju1PgbT6F3vcfyC38aYL3UG1QsU2GfYDkUK,,NOT_EXISTS
98f9ea16-3290-4893-a96d-3d6ecbbb043d,3pPaVkaPoxqYCrsL6gJ99whZ25EgLckNszRMtsZ7ZLtrYKY3mj4jah2JGneLLcTYm3vCR8WJXF17XC7WQcKvjoq,,NOT_EXISTS
8887f0d0-5e3b-46f2-be61-833fe95d6729,3rkU9kTJPuKGaLuCPH6JArx4dHfTkRESNzWU3bB4BFMq6ugWUJRWC1Ym9RYa3e7ybXocWbxMh2veQdtadVkrwi9M,,NOT_EXISTS
5f8fc64b-3781-45d9-bec5-c38b1cd1022e,3rjjBgqSQ5PDQvde8dsr74BamDyqbHSE4K1U7i5JYuE6Sh4yFLHyGJHzxCaGCvf9AcGkpi8wkFsdtyGZB7jg6p7M,,NOT_EXISTS
402f22f7-1e29-483e-97d6-0bca783ac270,3rjDgSVpJpyCmaqJZR1v1GGwYDyDeGig8z6H7EuB3VsCQxyPkCuM9QTiuSjL8C2q2CdMNVrigMRWZkDaTjvg1i6R,,NOT_EXISTS
5d6f7624-bfc1-4e6f-9e14-b400edd74596,3syVgzAzwbqzSjbVdSZMFTiZjHiCjXbz6D3h5Z31Ee5xDGy2EZEWtcGoLUUL71BnyFSaUCCy8YwBTRkv8sibsGiM,,NOT_EXISTS
a6c087a5-b2f6-4b53-b2d5-d571ebf71ba6,3syHm1hNHDNZkpwBymxpSZvUQAnDFkEdugvrxmCVwEL6MmfASx1WHJHa4mRHea2WyQ9X3u5jXaMfKwBK4FH4hyD6,,NOT_EXISTS
a9adac9c-d1e0-4fe5-b94d-5a7efbce6bc7,3uFTpwRR2a5B31n8XKJ62k8Jd2odwPWec6Ws7oPyKwC4kHRtd8QPzSaZq8BivtPPZcUDDGXz7eiVKpLDdBMMCqQV,,NOT_EXISTS
af132d3a-7584-4bfe-a300-7d9f6fab511e,3uQHS3DtTeFLTcZKgP1JfJvr33b8cdwUxUUbhFPmhxCEeHn3Z61s3BqetPUsaVSRKm5TPVsA6UX4JGNmWQBPSkW,,NOT_EXISTS
cd0cfd7f-72e8-4ba9-837a-02813cb3a9b4,3urcpsrM4oGFH3VWrNRuZWjiWK7WDgBwvz3Ctz41QNg5YPQP3UUiGdz6jMGcuGnXW91nN7gksfLyvYpEDU5rKjqW,,NOT_EXISTS
beec207e-6a9a-4597-adf3-655c83d5fc8a,3uxNSRBYJLUEw3eci3f82nLK6hcxo8Hqco6B3az8TPGMYVeYHseUZzb3ncrkBKC6VYUd69WKD2RvndBXgFA2Beoh,,NOT_EXISTS
1624e09f-02e4-4c95-8089-0afe53b99d82,3ux9S6QB3xGtnQ2ywn81BrpyrVCezXbAYVeYU1tPoVsSh5pWWJMbqxRqdVMpfgrctcmJgiRou8jRPro1m1HAz4mt,,NOT_EXISTS
b9bd66ba-3839-4547-8a19-cae387b9b604,3wXE8YegStFzUaQNSHDzGF2mGbGBvsZ6BB6xgDPDNhKY4szdfymP3DBL7sU2ekWP9HYbHcqYTFE3vATrnVcQBTXv,,NOT_EXISTS
fc918fe2-cb9c-40b2-b803-a19b37d1024b,3xKZz2y7DAT943ZyZyhtN6kV1Qz6dCt29b4nHwP99giB3jXbqihaoe4H7AsgUyAuLC2rGqJdzYCtPzKtRVR8W1Tk,,NOT_EXISTS
034374e9-93e3-4b94-a4ad-d295c2d91df1,3yTeSYW2eLAVr9p3ysF8JAW99SpUnN55zM2EFbcNnBT1Pgeg4AmrHetB7MxnCu9F7zn4ot34KLRhMLAksi5KF2bZ,,NOT_EXISTS
9bb3d70d-5965-44e5-b9fe-a6ffff932657,3yy8TqmJVjD2z1RJm166XNgmeacyfqmzZdD3p8hNkZ7PZ9uRp9SvrXVK9eLm3Yx2KyvW5GCQxtq1mRPt2153FK1k,,NOT_EXISTS
722f7d0c-40c0-41b4-aa4b-19c4a4a4840a,41qJdLZ3bpAuAg7MW7arYUSXZuYrjUzR16Hh3D8PrHJ5Y63wFbmjZAQY48fFdjpLCc8jLsKUAXG9sjtx4oF4u7vc,,NOT_EXISTS
6c656dae-2f5c-4fd3-9dc3-22af477c53f2,41nmgWifShX2vMPeE9GfLQamvUHXGtPEkuXxQzrKCbhb95GtHi1zyd4K9PK5Yqzk953V3gx3uPtgSmM1giC2JoAr,,NOT_EXISTS
d051ae00-ee31-456b-bc8a-3beaa4414b38,41kvBhKyacuKLTPAFaphXJ9R6DcNoaKHzXCmZahUFYvHKZPy2mvuBRMHhhbHNckQWTyid51peTht4D4N4WaWJ1Yb,,NOT_EXISTS
ddf8e082-f3a8-4a6e-9e73-206967a34c75,44wqKb5BGXYDubkVQPtBcug21rkqgVVV7rohArarqkX7y1kuhsxi6RPf3moX9VwQWJgef3PiKZky9Psvsgo5N9kc,,NOT_EXISTS
b85f73b8-acd7-43e4-810e-c453e9fecf25,44whW61mgZqtCA914znctKAThNaYe2qoKsn5fXVeS2zZBiPSwHpLBgYkuNwGcq599ByFUdZq9Sk2FUrucpwM6H8e,,NOT_EXISTS
e3615adc-8872-4d7a-a66b-7eed599d065d,48ejXwZxQc5mMKkqwAEjxzgDmdNJztFCyDLi5ytXVcWke2Sz7RxcMwSJpDzUnbj5Y5FDhoc2pXcSVBMQSxCe3Gd6,,NOT_EXISTS
39dc38c7-a53b-44f9-85ac-7e403df6c7da,48cir7nAr7BC5Ve1r8y1fSn3WfYuZGbFnikwA9oFP5MvqRTyQPBDGMnWJxJ7UDdXTp48YYVMHSyx6dRyMYZvCrBX,,NOT_EXISTS
1a8cefc6-3973-4199-8501-c9fc69a355d5,49SgHfypLfNaypn7J6AKifcGwbvWj98XE74jd9N7oVJzJv3hqgXMum5kRTiWSCutHGbQrboRqwri1cvnRWU3y7mu,,NOT_EXISTS
fc37b631-5e7f-4924-a0e6-c6fa779f269e,4DmumKBeyZoXud4c3SUE1da7WRjVcNXpekNfHt6it7oGdPUqQNBcrLR7M8CReFwAqsvGuoEJ5j5fGk2Dqzn1kBaE,,NOT_EXISTS
79a518d3-1fb6-462a-9e75-3587d295f69d,4FepLNjcT2wd71c6hsgvf8KNyC6Nr5WWTr6pDkU9FGYarjp4EERAFwMhqeX6MRSUuN3dWJo5vKz3dodeqPwfRsRw,,NOT_EXISTS
01f2c7a3-3c9b-4843-92a1-4e218cb29af0,4MPMUHxPneivNtCaKc1EmWZfTtHF6GyuNEBxDd48x6RFoyUAdNq3xnrGnT2iMMKquFhUhgB5yPqXGwBLm1fmYgM,,NOT_EXISTS
9a4d2bd2-62c4-4a3c-8794-5cb3cc70c124,4MMXd4XXyoCUezFJonJZeyr5Vv5n7KyAi3NQeo7VB7v9XeA5zmnYCzX4UyuP8w4V2qrJLjE7uWysafgkdZ83iYHj,,NOT_EXISTS
8468ad60-98be-479f-8ff9-0405609d1bb8,4Pm5cumzL2rQrgQjGSVdfBdSR2VaddxeoEiUzXEof4PMwyc9eiW1Fr4eWtw32ETi3Ja73k3Z2ayxx1GwjhbuG3Nh,,NOT_EXISTS
54c53cb2-c0c2-43d0-a5d6-f1f16b7afce0,4QJ6Xtu8iMTe4MZ7fp1VKstUAbThS9s9iRxzKUrxsQRxSk7UQuEG3pXRnRpfZDzv413Rd2HE5NEmBMo8R96Jbu8,,NOT_EXISTS
5c81dd46-e6ff-4ae5-aebb-5dfadb4b9530,4QRH4DiNHcjzVrbLamm5pf1Xog75sGcxQAKEh4ZX5f8WDBK72UsnDjNeQz7dmZcRAdsFX2PK1oVX6ucxQATCiGpg,,NOT_EXISTS
0cbff043-06af-4c64-8e44-5cbfe81c29a9,4W1cSRWWBmVqNLCp3VxtcbYZRz5KpnJcHM6PRzZuJybG3YsmxVHC38hAQWiaZwtoeW5JX8pbmA6BjHXg694X12jf,,NOT_EXISTS
aa5faecb-9164-400f-b174-52c7f8d736a5,4VzYEAwMZWjR8hby6p5DwTs3WrknQdvqZGg9X5afLaddnND66qsPQBn9a2rwbLAtgXiq2ozMXTnPyTU36nuBT2E6,,NOT_EXISTS
70010a3d-e9de-4f8f-a641-f6088945b375,4aTpk1aAL5UK9y6Skcc1TcwN5sbZ61RG5n9pJtgRn8tMjC56YQAyfXfrDdVdPnaNCb2BHcumNWjZeVCs2aRiDA3g,,NOT_EXISTS
d02d74a5-42fc-436c-b593-730cb41f00ae,4b1oUiiJ6uqB8dHuhu6EiViLpzWiNGUzY6zdvGa4pBNothGsqBF6FoRvDSCLx57oqCBVTK4cU8EVdEmxwyqnc6mG,,NOT_EXISTS
68af001a-721a-4343-a93c-366472336449,4chxURf61MAoiKsKZ7NMvEXLKGpPu2wFeSTzAtuxHqLZgKLjdCas4MsuP73Ah26JVdM3ofVdRGbed4nBKPxZurr9,,NOT_EXISTS
ad75e434-5785-47bb-aa78-965a1081c598,4dvYko9pxBckbVSW8BKThcw4miwFKK3J3JmbZQ1foKR7RX12feeBuDp9Y7Fh1Ae9ULvThUyejaLf78j3WvsMdyUf,,NOT_EXISTS
ee751050-e18a-4b7a-a50d-04b550cd780e,4e1ZApcmLoVZj67nBBb7NAjx9JcoEPxJsHQjEAoE4EDAk44tYnRhkfps6cFPasuNf98msWxjXKsuTPZugXAzVH6F,,NOT_EXISTS
5cb2c923-3ebc-4828-a3b2-d79fa3e71954,4ebzzTQ46VqcJa5zb8Mscub4kaPeL2FxPYMP625Ne2NYze9ZubGjq8sFa98fKFbxdh9k1fMtVbcg5ZP7DE7DRGo5,,NOT_EXISTS
5c167dfd-b4e9-4aaa-b3c9-45ea01ee7974,4idL24zn516eYvfkVu4Z6q2AcsT1F1zCF3knhEthd7cAWRviG1SuggsW5k3v22BF1y6mLsdoZkCPJn8vY5H6xxg8,,NOT_EXISTS
5c682f66-3634-4501-9c5a-89fa1b7ab7e3,4id9UwmJ6PcZ3GBoe48HopAmVkEynk73nihxQMTXtLTeU24GgdZKqRG4U34tUNif8YaYSsYqSdejUXCVZP1dxoUN,,NOT_EXISTS
85914392-5b72-48e8-b59a-7b369c3b2f61,4id85ha6cWJZ6o1dtuRjrFmDuRrWefeV2fTfTz7bmJybWwPJ71WYnMt3incH2UM99zRrjVpHXGohqqhMLNrRLJDM,,NOT_EXISTS
94500b08-39fe-4c2c-a9bf-46c6e7ca4605,4k1BiJAq6geZ8q3sBoXUPSWMPUQpJ7mgM4KAgN85oHehtXWVs1JycdFikvD1yDTruPFrifXNQc2k2kuRsfiuKDvj,,NOT_EXISTS
85214a44-41d6-432d-8444-802ed2a391f6,4jxgjdNwG6FFfQ1jveLgk65KT1vhZmtb6HM9NVx7Tnjaiorfj9ihcNAmENiPaeq1WQ3QXgcpg2Mcvtmb5Je2VRHy,,NOT_EXISTS
bd77bf11-67fb-46cd-9d5b-cc53e8fd9d42,4kXF3JXQzoXoNKfu156QxP8EaoLgCi3cx2k6BAPQLpTeUj4p2ixti9gfzJNgA2B5RhD2MfD4oFubnfnrzPfUcWcX,,NOT_EXISTS
6bbc948b-fee3-4c7d-b83a-f9ea52fddad8,4nM381vcFpXCCrEgwnBczZFCrAYffAnXMK3PjaS23A5ZNWXVZYPYXUqmhY8ZWBNAi2prZ2oqDYHHX8TGTsM9bU7F,,NOT_EXISTS
5fa679d2-fd7e-4868-81a0-f2c1a7ed73ed,4nLv56A22fQNxvhnPQmSFwV861xVqJ1AcgNTR287eEq3vfR4t95qBY1vKexYV9afZyNXsjE3oE2m9z7UFvpgTd9,,NOT_EXISTS
3bb70757-83d0-4354-aa97-ad58e4f99e85,4q1irWT9818n3Q8CFjwzKWn13XMzoG43e9LtQbbemuAV8ALD9VQYX7zmoWDZ6iUJGFt1zbtNWx1i7Y1KE2S9st1m,,NOT_EXISTS
2cadd69d-1a09-40fa-8549-26375819431e,4unPirsoM5ETAAFQMPGJdP4uTLy7cjcqeBRzNFskqC6yedU2MDbLxQw5rMY2RUzRtamq8TX554ciuE7EabA3GA41,,NOT_EXISTS
0f8a3a4f-f1ab-4e88-9532-c46909949953,4un9s38W1cf5gF1RijLcSXnwzj4T8TKPT4wxTUx1gRbYpoSyQPFiV3pEkBhq6WZurAiqm1brVaffiSSB6FX4Ujkz,,NOT_EXISTS
b2465891-d13f-4826-aaa3-488b79d5119e,4vSmQrEvq5E8HxbWg3Bdr1XbVZEeDKZQ5FCRDqAabiEpc4n5vwG8RbtZat9rZPzbeKGbWkgnXJTAxyjeC5kdrow5,,NOT_EXISTS
7ccb328e-533b-4d7a-b080-56a73fc20b1e,54C6NLxkMW93irzB3vxEmGwC1gchvLF58hJu72XKRChGQoH8WsZhF9CyTSq1zx7woumuf6RDJf8vkEyZLy8UBjzM,,NOT_EXISTS
7b23cc7e-2f9c-4b32-86d9-1e178740f609,54FbVosfem7BfHhmTbzGVN4oPzrxSDubMawcZ34cYLhZ2dW7bMfTnNrEiy9Rkj9ZKny9AysyrhbQzTQc6FzNxUpF,,NOT_EXISTS
cb23cf88-4eb0-4bfe-b6fc-5ab81600bfee,59dxPoFny9DNN1HrACaMF6zo8CysZSK8hYnid2UjnwuueZdphKDpZ53QuwU2gZPk719JEmsZqsM7HjkHePTQYF7s,,NOT_EXISTS
68ec3cb0-5c5f-4e60-ad40-e92f82eb3de2,5AEjSwSjjW1pPYLqWbthcF24Z1gr3A9vnxnyVe4ZPVXV8FEF3UrkSoJv7z9nE4vJeqvo3eofXF2WbLbi8SiQ7Toy,,NOT_EXISTS
19f203d4-c2f4-4224-9dec-39c968251645,5AEEJFK8u3v2pEZZXsvnAevXA6JevqM11ycqBGYy4E8dDT7Mp5T9J5HRTk5V79Fkd3Wtcaj6EcTY48cJr4PjLuzr,,NOT_EXISTS
ddd24d35-e851-4d87-a7e6-8ed9d8a13c30,5AHy3LmxqHAhS8KyaXmDXtroQ1sf1gmfFBT4135MyT6qmeWD6tZGkGWyCH76Nzr2uqtTKaewSoQKWvqH7uaZpGDu,,NOT_EXISTS
f96cdb38-6226-4fe5-9360-01654ee75791,5BAL88FeRi3dyymknQiHeiQtdJVryovkkyrE4HfGQPUNdP6qQ3xFjk6jnnaRVXHkGZsbyD2ApZ2V1p5yapEVAsGM,,NOT_EXISTS
041b0c8b-5185-401f-b3e3-784edbc417ae,5AyuDYq2yzdRAC2jTKgdyheu1AzP87Sx2mV3rtcnFjaQiPA8cMHbwTf1Y23tDZEGKobY5R7dLugsy5RfJRe1e3QZ,,NOT_EXISTS
a1c89bc3-42e6-4f5b-b2b9-5250b0d03484,5CLcMtgkHGJURoXjEuYd3Ms5Uf32mQ43h2EDbgAKbR92yZtkAZhgAPkmXbQ1kGa6H6mDTf9BYMH2XMpaKZC9c3Nf,,NOT_EXISTS
eef02569-2c80-4651-b0ec-8b583b13d54d,5CHDDiczAGYjSWa7YvaKj4ayB36Hmc6tkDDvhZRDQenkzGK7VpzutNu1vbJ1topkgCVTQcpkN4pyGcXCxdFAr9VS,,NOT_EXISTS
0216f360-8efb-477d-a8b5-3c5e7b1b069f,5CPWCdtRXw6RMgUT2MbsKAyWbjknhmSvXJnHBfJrSujDGTRiKoY2yP66Zg5xTc5YzRPs2PLSRHx4Eqw1PN9WrDjV,,NOT_EXISTS
0af337ac-59bf-4e81-b039-d66f3569adea,5DpsntG93nWKu6gMm1kJuWpyag4J2gnLQBMFXWhTwNqKfpU6UTFMubj3UT8b9JegPbiW8dj5rkG7La8EvQddp2j,,NOT_EXISTS
532816ce-5abf-4a06-a07e-3e834dd978a4,5EbgeZaCyvALZMR5YDenMBSgVusRqXa62KHjyY4CTcv59DhLVPrQJbNmKvMerAVhuF3gtQWPsHqRW5CxVGPiDwVb,,NOT_EXISTS
7437ddfe-1ab0-4344-92d2-7a24199ecf79,5EbFupBrLzY5WTnoAT9gvdYibHEjmwrArzx46RVTuafALaqvniypNFeB1WDU7KaMuRuLMR6GuN3KnesJWpP5DJoH,,NOT_EXISTS
bb335f4d-5da0-481b-8d48-f020e0504f9b,5EaRuQggrm1WZo5eHj6gA1nN3FiotRfrbvqDQmsW6SjDCXttLMxh8ttnaJtpG7CPT2AZ71pPqLrsca761yvYsdmT,,NOT_EXISTS
2f8d0da1-d442-4398-800d-80eeef9813ac,5GXJMtNWjTHPwAwPBBYPKafi6EquU5tvGc8GWZitGNz8d2tURX7eGRtiSjZzEHbRSdQQDPE9UvPzSmsyGe7t2ng2,,NOT_EXISTS
1e948816-5451-402a-ab53-1c676967e1c7,5GWh1sJTVGJoWiiGJUnULAow3W5Pp7mrdcSJEhdahsmjz21qwH71tt5nD2EqdR9rLDHQu8ATwgPzuHGzM9pVFCF3,,NOT_EXISTS
6712764f-6d25-45d3-9c05-b2cc9472afe6,5GW8jfGk7ViwYFAJrH86pJngoyAxJ5TCNWT4ZLbd9GZriJmHZg4jwvWbWLVhMxA57iPfuKJnxai1FZnHwAsyaFXM,,NOT_EXISTS
14961048-a7ca-4a99-9b11-935509c44285,5JJQWjS8BgGTvb9eCjEXVX8iHNw6XzYJyZbSdhg19Bpv41W4mceimvdMK7w1uEnYkh6sxyecJUv6Zq3FFJAyQiQP,,NOT_EXISTS
1e74aa3b-371c-4eed-9248-6ae4392bdfd2,5JHciYxXGkPJ2v7S5xxxR4F5EjyNshN6z7Y7SP4GnPJRCLxNaYxpJEdGvC8rA9wdA8thoB4GP3iPV2LNv1q3Gfax,,NOT_EXISTS
28695ee0-5d94-45c7-8da7-e87a19122a0b,5JGbTnGjWrhbU62Uyv2579iEGYDK3bu2w2VchnhF2QwNYwQuuzKHwX6k89TZnt3vQ27xGdPdQVtzwq7cqoWvCwyR,,NOT_EXISTS
edba117a-bb77-41ef-b8b3-2967f3e5b6a4,5JmWEcH4NWBEMMvLmQWKYEDW73vzMHN28bVnz1Bp7sCFUXco7Cnp9sqKktdAEeCncts3jNfzc2f7fjycmRKtXMPZ,,NOT_EXISTS
c5d27503-0e37-45f3-bc61-4e6dda2424ba,5JmAgSjfa6DjH2YbRZfbRQbDFoHbV1kFSnMZuXGCGUtBWMEbgXGLRfCTgtyTNN2Sh2ap1YoNjE1bsUeTrCZmP9eQ,,NOT_EXISTS
51467482-3800-4080-a1f4-567a37a6bed0,5LNMfWQSsa7F7YSrhDB9Bv7fgMFBVcgVjBHbcQ8WYjzoebc1g6T8QeUYbdGt8HuCFX91LhAPvHD9RwNqminwqyXS,,NOT_EXISTS
1cc8e40a-565c-4a58-8271-d4d42114650f,5LLVAzMxoPMSu41LqevUndUJKfuN79C4NVEnQRgZs84RKo1rtpMGete96ZwqkF9MZpw6ddqWQBwz97TUY3Dp3Ua2,,NOT_EXISTS
550a41bf-5771-4e91-9bdd-341f27804e5e,5PZ1W4ttxUFc8SU6psyK52V4pYd4sktYLHefKfBUnALiiU1iK5iTAPWwe4pAozuVCcsk131otpQFhTZQc3Z47gwo,,NOT_EXISTS
2278b518-93b0-4497-80c1-c3269601b920,5PYx9t75qvRtcL1By4zrd9M17Z3fo1kjsXnoc8MTeWZvHYLcdM3asDUFd24FKxNXcqNt3ar3ZsijU3HTFTcJHVrM,,NOT_EXISTS
98344fc9-125f-4425-afc7-5025eb079b6a,5QbWb1YAPgWt2kZMwYYaFoUJFH56L4VuUHsE4Yz4eoTaavDf79oxNbYgjvLtvgRdx8i9QARmZwWbwogq7wjVqm9F,,NOT_EXISTS
2a875a93-e498-41f5-bdbf-7d0c981207d6,5QYh9V7F4rZ1N8oskZJjg3YBoReqw2turL9kKFBC1QRtRDBQFEhQ4USPyYLJot4VWjWFymkV6aVBrHSjos5jnXKN,,NOT_EXISTS
04482bf4-b807-44f3-a12c-8619c20b3d1b,5SuvA9qJo56NeK6AXhW4iYrdEqMQZPn3BGpBWb52vxGjmbdzJsvUyBSyE6g7RhTPJSufd795pNubLEkxMFFXx3EQ,,NOT_EXISTS
c0f1a704-0c8b-4e52-a611-d778d4ba0a69,5SuChQYTCYzE8sKcGyRfLNuxGngPqUGYizdvmjSE1MUz57zf2TD1WMLuAoYZpjcmga43acnyZ65YBGfHLQ3N7PF3,,NOT_EXISTS
ad6e1308-c294-41c7-a781-fb4cf7c96b7f,5VeD963ThDerm9CRrZUBwwEhxYyPpmPrujzDmmqtH7bw8q2pP7zHHAHFrSGAvZ3TJtTctBr4rqgGaHGSNxoV9ZxB,,NOT_EXISTS
4403b44a-b78a-48c5-8c63-c9f1e25b3dd5,5W35hEzz8qYR9fvzf9BMYKTSbMSypNJUsoFRLocx2oCgya82vfLmqjcKem8L2TetjWU1smJdbxm4B2bGjyf5u6vr,,NOT_EXISTS
4a3909f8-d83b-4fb1-b7e8-8d2b1059b754,5W21jNF7aUdsv2sT93xsE1eCo74u6atp9rrcCdkdB7k5H3s6DgKh39AUq1WkmyesHvbfk389jMnnvyr1eZ6u2L2Y,,NOT_EXISTS
a0d89b9a-82d2-46f4-a3da-24e61332bec8,5bKpU3bfzMgB5nE4wmMi6siU7jCisYGcfyT1DeSXMWD8fCqCnhg4ck4miJaBH3d7etaEq7JB6fyQFv3CeezUzSed,,NOT_EXISTS
2b8ddd60-5cb7-4a17-be75-1f9c63d5d5b3,5bnu2cPHHEDMGCChpir3vrvojCB1t3beYPukEVrqMt8ppPw4RnW32pSKqcXMY6MxkrUWXeZA9toq2AWYivvD1tdD,,NOT_EXISTS
c72ae286-7c31-457d-bf1a-48f4c2df3f6d,5bqHHwxdhEdJUFFQ3XHfRhp79gUcrSogHQMBYwD9Mx8FA6KGuKRTUzBCu2txv1uwNfh8USfu2bcTyzrtszJ23JZe,,NOT_EXISTS
774d033b-d877-4023-ba92-49065da86358,5eeah3YyzJ9KokryeWEUfqmy2i7LRLpLfRvWt9xf5pws6jB8jPEs4Qd66ceHhsobX1QicJQmEZrMJ5dF9sXbKsXB,,NOT_EXISTS
5381b359-3c79-495e-b502-99482d8777ac,5eczeB5WqXrvGV3L16JJx8bQ5xmLoqNepmUjLmURdaaW34R2uV9WtYf9tRFrdR2nnJsz292XhF3EajVZz9g1B2ig,,NOT_EXISTS
c715d27b-70e5-4760-a6a3-c236ba9e7bd7,5ichUxyqudQuTad7bZJCcDcefF6Ew1gnCBkp5jZKoN5UTrWLnbmLN8MMzbrdCTjyAvBagfCN36TeUBPrsAqrwGve,,NOT_EXISTS
84b1f494-65cd-416b-a0e9-376485d8afe9,5iby9Lbbc2kVZmHF2JnR18KXMuEN6pgHmAYKnNi1VmXzop1jDMHpmWLzV2fan8V6KxTuBD8v326xUubDbomhVULE,,NOT_EXISTS
fd7cb378-0894-495a-bbd7-828b1ef70687,5j3GAyX6jd3rZag7zChtcqyr3LA1WayCyDuRZvk7XWtnBTPDWE3yqLifPd5sGZYbxE2euG6Pu7r6mrCa9unMceTX,,NOT_EXISTS
2b7f3814-1c8a-44f9-ac28-72e26678bc00,5pN3h59TabkkHjsVG3w4EwLxE2Wmb3h3TynFAXmBecmQyLL2oKKv3m69R8uwrAHp59uTgWo1dffNyZ75FsHsTtF1,,NOT_EXISTS
781c98d9-48e1-4ead-a88a-6f34f683eefc,5pRz2UQYoMVebrkURdA4XgFLeehbcB2ybC59ekXPs4aUsnwqhpJDu99Kqug4D2kG8z2uw5eWqnjjr2d2wpLTRB3d,,NOT_EXISTS
e86830ea-1c53-4c05-b4f5-4a0a59a6cfb1,5qBFpev2My4SwgPuJ8wiBsBFsXtoQqHgxZVZrkJAYNuuYWDAAzTwDo5LyeQAjsYkSRoyMvA1ndoqaX3kCz8AUTR2,,NOT_EXISTS
7afe2045-807c-4a92-b34a-599261edb105,5qFkYnYvvFJbxcBXXtPmiapFQLYUiNCSDvNrrKEiuXBx8WRoUCZYGWGKPYNy6jss8oGe19BqgBj27LG3UaD9WWjk,,NOT_EXISTS
d8523e00-218c-4f5f-b112-4408fccda283,5sd6SWY4nCy7hHqYQnVkJF3iPw6M8yNbkLWxFFEEQmPq1VTNB5DYkQteEGvRfuTTkGEGfr5LJtPT5ro5NrR4NPMk,,NOT_EXISTS
49e69745-5391-40d7-b4da-41f65809f821,5sc1sKSa4rb2ebnymT18vrYV5HGpYxtHzyQ2YdpdtFoqFDcJ69ch4i25CJW7sRUasRQmzSaV53Ttyt3XQ1tcWsXb,,NOT_EXISTS
28113a65-2c46-42f0-b7e8-db168e20a9ab,5sbs9sFegrZLAQHP3A3XwEtmTLSqpM443GmW9mKV3qo5qCAgBBMHsH9ByE2Rd2baBknsquYFDX6es5ypfN2NAUH7,,NOT_EXISTS
9d97dbef-d500-4705-ae21-697322464843,5w8B7G6eCBgsf5fXSPmBXRBxNQcpEEL1f1rLr5reKxJFZfs3tmEF8gjM8oXWNCWnboDgDUuF5Xb5vQnxzNBM4KSW,,NOT_EXISTS
be0dd389-ec9e-471e-9b78-db33f3c85ea0,5yGmmQbnjCazNvwiD8qWA4mUToFQtyqpWzGAbxWYuirRGVp9mgk8KGn4ZufpJYc4pY2LBQfwG9bRSUm3x6QmGhvt,,NOT_EXISTS
12187fd3-5a03-447f-8bb8-3af6b2ff50b7,5yNWvenT6SctSRo9bfYZYva7fBXwiKef9RzRavvfEuBvUW536z6Rv7A2JNVNMXXGP6xkaa6JTyHYnUHGe18wjsUJ,,NOT_EXISTS
726a0a8f-ba42-43d8-bf84-e52a984598f7,6296w9YSDjtZtbbUsJEpmNrCq14rM3nW2twfvFHwXLnmv2W64a5rksVeAFS43ubS9Lhr2T8GkvoX5Zr88pnuNMwT,,NOT_EXISTS
ba103e9f-7b20-431f-b05c-634f0ba0937a,628iYbQxdqsxbR2ACiEaysReEYVPNgmJ1vrt7uzV414Meteagrg5S2NHpzV6tTxJShTNzA6wuYr4sferC83xTKGP,,NOT_EXISTS
a8267d31-bf57-4d7b-a33c-6ce392aa322b,6276xVeGx9f8JyngR3EC4h3hRBRwuFJpaXjokQVvSoTt8vCDcmX9c3TXjQJVJqwp9H8TGfTJpb57xH38MMLovin8,,NOT_EXISTS
d14363cd-0fff-46c0-8d20-9e61e6f6c95b,666M8xusRi4PVtzCsry1WqMa1k75KQDChE6Jo4HMCnJGCmrGVw7bUhMukLp2mjq3h3rrav3v1S7TVuAhXLDtwVw2,,NOT_EXISTS
51393248-0962-4726-bdef-197826f1928f,66D6jVEBdsWbUFyhm7jzQevzyqLa29VSwSG5MUQZYPmqhTRELMpQucCJGDxwCVwJEpT44s6mbCSz9doJFqmQKmEZ,,NOT_EXISTS
fd86bb4a-042a-4500-86ec-c316d860de50,66VNN9hoMLJNRjQ5NnEHLH4eom1fVJN7kzcmuzCyPxcWdcMYRHZiSm1J4WP62fmpgH8vP5kXVXoMrY8ZQhUyUARz,,NOT_EXISTS
e1cae75b-66be-4b99-81ac-6283409f67b6,66NiuXQcskdLjdYB7x9aEixWgXzLuQhT9Et1DWkXfKjPgebCPWGyXdURySQLCAxwypdeS4ktgnTAAPcWSSnKgUhR,,NOT_EXISTS
7fabfe04-b9e8-4e5c-8d11-2294c14aea77,8buehG1i6ENMhwAcCuhWLSf73oHXDymUxnQwiwGJ7bjVtG3npFEcGMLskXdRPzjt8YVhEwkL2gXqAsAe7Xyhakc,,NOT_EXISTS
b3f6686b-8821-4489-93c3-0f2f8389d6f3,8ahvKSw3TviVH3KGj9AR8qbR4d5e2VCVLXVCPbuwjPf7nXciHio5Xfo67Mnt2cikbcMNRbX8KSoiRcCnoboMLzv,,NOT_EXISTS
01152728-36c4-4e2b-ae42-41ab4487ff76,95GwpdoFV3mm6WkbqHCLmtTVxqTLbyy3qtssHQ7cwEVcHB659owiv26eWuzL6qkswMQweXtKNcUHAZbf5ib62s5,,NOT_EXISTS
cf9c689d-cf88-414c-adf2-36e3d77f35f2,93kDHQAAXM98yNsDSrjemXNqN7rgMFMLZ69m6EXZgEmjqT6ykarpDVDCXq9yy4SpTvCUrqH7yfyemX7EpbxFTQB,,NOT_EXISTS
2d7d9b4d-2e2c-4369-a242-f4c0ca2cbb27,DkZxokR9LSyv8B441gQtjaQTso3jGm1wEx81LFfcg2AofP3ekukrjCHoVMW9KKipom2ykDihLhq9jJKQDU1ekpr,,NOT_EXISTS
0d326920-3a53-442c-a3dc-565b9a4a492d,DoJdp2oKGhiBhe3vn9rg6pLiamLcokWPCjhidm8JG3ukP3cWWXDQmrnrscwCT7scgTRGSUbQNEVLXUH2BEtHWcq,,NOT_EXISTS
03235d3d-3318-48c1-a1d7-f402e75f02c8,EN5t4uovJv9mRnw86E2teVHZvHUbJ3u18Lxuo8uDt48iTg9Ew9aGAimnrjDbjDHiUcEHfvQCPi3yTkUreCG7Z13,,NOT_EXISTS
b3dc0fed-a9c8-4016-9680-3b19e7901bcf,KoaogYQ6pEKvwfHKSFZp5nCbeFpFJWdNYUvZYxdi7Qn3HSTsT7svA3AEYM9RtLZwTRL7B3moGTvSY4p7CHjbSpt,,NOT_EXISTS
940a08cd-16b7-4d05-937d-c5b77a042618,KwsQHte5Z47QanaxtQYbi7U44uGKxeyPqZHeAVY8vHMoZweCPN7boRtubGzJjdtjPbjzQYVshivsHDtBKfsfG3k,,NOT_EXISTS
2f1b27b3-c3be-4e06-b4db-0b81d6d48536,QEdMkTDxjw4eSRox5DTnjhZVh9C3LLtBTY6GcrSQXjSjpo46Tzk1db4s8NzAmvewaTQrGyuqGwfEkT2X2451oKN,,NOT_EXISTS
48ffef86-a973-402e-babf-635625b02afb,QLaouGqpjSnHDc9grmsoSjvy5Cio5bHNHrrUkqzTX56qBZoWZ7HECDjpRmfykFNqLxabWkxxNi9eLzySfuLtXEz,,NOT_EXISTS
25d60483-6d55-4659-9750-89ecb5fb138c,TT6LNhWUBnonTwLYhXkopeNhxJGw7BAZFzgdKqgUqzE6YV1ZwnDKhX3dkTuyfErpwNXeHQY2N3ndHD5Sn9Y6u6b,,NOT_EXISTS
c9cd7326-cbc3-4234-9dab-affed178ca76,U28pNue3MwjgNG8RBSuUzLBAvDzzkkyFMQVZcKwmrjU9dzK3HSRTnzizPNaB7NYgDDB95sZytX1CBYEHDDKMWYg,,NOT_EXISTS
7d5d5078-30cf-4d01-ad5b-ed398b7ac98d,XHF8Aju2adeKe15mTpvBQN41PUuAkfMFznYGAzbsgaf4iEdFWFZwfdvXjNN96jKQzkWeRGWN2wLPgesDvSoyrxj,,NOT_EXISTS
5625e12d-f481-41e5-8ef4-3b8f0d32feea,YvvG2dPURdmMfGNtXEb1QMZLuKPScX3T6fVfbbaxuVacoSJWLBRB4d9uWLpm4t4nt4Hgjm9zcPTS4YUMpaWZRx5,,NOT_EXISTS
1461a7b6-d2f1-469d-87f6-8b8648e8fda5,Zz6ARm77BaAoGDr7gQvfyJRksSm1HwEKHwHhwcDnBYJRuafvQL1S2C9j2PM5GaSPD8MR19BE249q3t1VkFBVM4G,,NOT_EXISTS
0b4deb63-f366-4573-8279-e4f858d1ddc6,a6395peDVHwqeQJWRnYmXSCmbbYeXihVUcahxPV5Ngjxnup9fbyRRQjvNHH8Zn3bUKAdeysBGefDGbrDZjQ9oRu,,NOT_EXISTS
83c6d77a-e2b4-4c37-b723-8fe695ac54a4,dsBFXZhsJ7GC7PtWkU5DQm1iEqWtny2NALqbwdb66fsTrguFEJoXZP269WegB23EC4kNSLHY2CM3cS81o5bvRQ8,,NOT_EXISTS
74f09e95-051b-4d1f-b2bb-3c5330f5afe9,gPo2uM6Hvtp4YAUYoBAFaCtKUkSLsC45qdJ7nemnc9wrZ5fRRYRJrUeB8SbwKX4ZtjV5HRZDWp5RXaSLPyRDG3T,,NOT_EXISTS
1b79a0b3-9e92-4c13-95b8-b577a22cfbc3,gPhnUCm91QVMQb9FwrpjTs6bpDKTEoc8GGfCWGrgMKJsaeGJVdVfDUvWuActNmPcvt93TTL8AgcQT39fe1Ttv8Z,,NOT_EXISTS
c6b744f7-e55e-40b1-adb3-5e697c244287,gNq1a8w2V3x1vqcTX1FD89acjuccJDTgM6naNrHRLrhdGtjhgPc4BQX8MwrcfQCbbdshiybXMEvtb5V6uLoNUMf,,NOT_EXISTS
ea029a1e-af4a-403f-99c8-c0a2fb7cfdd4,hGM4SPFVsVFGU53SjC7ME2FcwNkPzPgBYM8vwKFi3jiggjQbA9uQNhbvoowgFMJWHQoP4DF4EWGt3X46KKCdLyX,,NOT_EXISTS
2c9e8a10-fb42-41f9-bdd1-fc5bcffab3b2,hHnoHisxuYiBQynRrRp12PiYsf4Tp7PRkentLXZyb8KiniTJeUmBi3UbH1JXzraTgiEGkMEGPhGSHgJhYMU9rE9,,NOT_EXISTS
450ac8ab-cd67-4876-9dd9-c99cb77fdbb6,mLN4gHAj93PCS19Rbt76bGVpUc8wzreFqCp4xW45aAEJyCYxYh2bSGUBwoVU85qg5KRE1UQs9mVfpQDwwbyPW6X,,NOT_EXISTS
0e0c2e27-ea77-4619-9814-e6439e720592,mL3DbnzBe2LogzH3hooC1A92nsHE9J3SiytcrVHdYfRR4i6QhqURg8dgUsXbWkVjt5pHnuJ9X61aRrSGkMMcq4W,,NOT_EXISTS
6acc08c9-b6ee-48ea-b994-15bb543e1c15,mKfTbYvC4q7vktBLSpu7XRXREzWonYGwLx6sVbtdars8C1ZM9AVHeeRPt6VBSX466GLibDP4hGxVr3kDxraEEk6,,NOT_EXISTS
8b1b126e-a0bb-4fa0-aff2-4d1ed7287524,n8ktXoKbw8afWBrjukijevhgcCvb7joswcsaQ7MHbpEWZd3ZhWRGoyWuubw92ZiFu3AxZ4aBqhcxvJe2pw5hVt7,,NOT_EXISTS
8d736423-8377-4645-97e4-ccd899b445bf,pyEt8BstN6fYN72ZAAhC9ifGB7VwSHzx7iGkJRJrwD85oDwnvwW678RSkoebr495akPKa8UqpqTqQ2r9GfRpmLs,,NOT_EXISTS
c90b2d81-b02e-43f2-a284-25832ddc8772,q7EhFXidBTGgdkbndveuUCrDTF8nidKH3qHML2vDnfmfknpAdDXG3kfLJFrPNG3jCcRVTBBVoAa9vBAA4F1pbqC,,NOT_EXISTS
f291c575-2ba1-4b90-adc9-2e0c6f9919a1,q6hxYZQGdeowihieRe5K1n66GYxQHYnbpottoectjbFpskhKcWRw1JLzhQJXMJqAiRcimiKW3MEiXWMVEDjuqyM,,NOT_EXISTS
b7bd0cee-b83d-4a39-8b45-c74b8ddf5232,uqJTjAPb2N47saUjh15RXaF9Bbfqyz5s8ruTsmxBBAx32gePSsGNSXekmWibKfjujo6hFiacpyYrhvEuVWwkMcK,,NOT_EXISTS
6dd79aa2-1f71-4c6a-aca8-7cd7b4187c66,upr8uWoVnySQvGTuTq1QDZXEjwqiCZKSXWP5G55wrKuCi4L2jTZeXvo9SaDvQbcbaaf7gaiFjRD5znKvXaePbbs,,NOT_EXISTS
51e326e5-7ac6-4118-a3fb-831b2de5ced8,unuSjtyU5H39xk1BWoDS3KaasL9jE74u1nVeh5kCVT9jxJAXLPtMJyGGWkfYE8hZcsusUfxsXovNBJKvceqAYkZ,,NOT_EXISTS
c6528906-9a3a-4bed-9592-35fd22456419,unitnj6LYp67w2ZoPAFxb5Lavmqb96csGicYht5PF5tHBRHKZhvHxWjojw7xPigLGkqcsHfFLewLQN9ArMk8Gbt,,NOT_EXISTS
a31010cc-962e-4983-8981-2df86e82dee6,umxtQ5pfUxtcijEas2K5qLD85KyuAVPAPTcVG4vjmFLnxfa2CeaCop7S3GGUrHqpAkxxHtBU8qDe2yJ4jGKLnn4,,NOT_EXISTS
