be8d4ed0-ed14-4d23-9345-976356341aee,12zNYR3mfFxbCCR16VBSWMgqfZLQVJ2ndodE8KRLZrP5jx2URePmAHY6oFQJZ91jgWyRmXb2nFEZAZakY4DFR85,,NOT_EXISTS
d4bad4e4-b7ef-42c3-86f2-a99d137522bd,14S4BkrByRFkhKHnomRj9ZPvmH6cvaoKdS3oH2P7oQPCv3NHzW9vsUSMVHJ2WfBArBXmtBzG3rBJLgkiSSV7QHS,,NOT_EXISTS
e534b4c9-059d-41fb-821a-1012e1361439,129ZVEGudUz2aNaYDiue1YpTfQ3Lt6Qg1Pbkj5kE7LFgjobtLcpmCRzwSdA9XQ43jrREVrT17zVev4UmDBBFK55V,,NOT_EXISTS
89df65f3-84c1-45ae-81cf-a4cd777cf99d,12eLjcMNpmFxt2rkCouaLGJmdaKGGx6DmvbL6PG45X43TwsTXp7JSPhhf8QmnmmVaaeAgYHs1HmaaoprEAzawZU,,NOT_EXISTS
02afac74-d7fe-44d1-8bf1-157f65bea547,128ZhJibE9WGB7KG1LyokLboHEgBSrYfSjwJtFy9JPp6cbaL5RhRC66QmrgLzT5yYGkqiU7zk68ToYQskiCz2LA1,,NOT_EXISTS
525be5d4-c4e6-4e84-9492-896aa103e6e0,127BGRtPM6KAksvVPYfF2KjfopHRCXHhACDRQfktG7hSEff2uZrMk1jMQXKY4h2UhLa6QKpxBSBUTBKT292V3Mqa,,NOT_EXISTS
0fad29ee-fece-47f3-91f9-1cfc39caaaf2,125FQx7pgzweAf9CjaZxwtcXNVMEeAxZJeBDsBHsYFei6y6AcFwnoN53hA4LnEtza9YSxYzYQPWrwdQvxrZh5QNj,,NOT_EXISTS
f08750ad-c806-4418-8eb5-17273bcb8d65,1edtvXKcNicYNiyuviTGuFYu9NLhs7XheHyhAcU1EVjs4qzTWhw8wzFHQsNBQHVCY2kcZwfswR3hi92bsyJAj6B,,NOT_EXISTS
37265a69-a07c-4250-a38a-9816cc2b2afb,1f1ZJi8o99PXCaJcCceDUHtALnbFWC6yF3E8fNYETcPTeNwSniMk8M6ifFRxLRsLYTftzUogaSNCkLSiiZCfc8j,,NOT_EXISTS
ae38815f-1dae-43d8-ae33-80705629a868,1ebGJwy9FA4gyusjk46QKSLsCHMHewwpbjmW3Z9EAgG6Lv4PDeqVfSMFbvT7xUjCpKA5qwpySth869V7T1Ld9xi,,NOT_EXISTS
5ab16b6a-1eee-4436-b1ef-a0ff1dc3c7ba,1dDp8pW7b57i6dDCjK9buiuu8NzjB6PpW62XVqiAEDF7xLNXSHF9YzpS7rs9F5JoE7MnFATQMxDSGnukaGFZ5RC,,NOT_EXISTS
bae91bf9-b0c3-40f4-b196-9713e552bc33,1cQQQJF9A9ye19GEg1xgkY5rxPcRYh7ddYKesnhaX1k3w6uh4CeKcdceS99sjicxEMgQrT1CnEzC2Tu8kJwF7fa,,NOT_EXISTS
344c9843-5aec-409c-b8c5-5863fd06fe4e,1d7HJ42Qgf5yxh6Wx2FhLXvudjEQe75MT8b5SpqCJmjzNh1mzeM9QvUYca12hkBEDUGyZiB5XKPsV5mtH5nVw6P,,NOT_EXISTS
f557a714-51b8-431e-98ec-2fb1c7c4b9b9,1c91BUBL3kCrzAMigThnZmR9CUyE2YoxAA92QCqM7F2LTNM97NXS6nwVWNgvuuofHmJjUzaXK46JcBWMDmNE3q4,,NOT_EXISTS
0c0d68a2-427a-4508-80bf-1fe29fced3c4,1atie4N7pjH9KBPchZ2DMdJiqzaFNucVEHB5hdc1nVLvKdhmqKLegha2W8UbEuif7SdY9o1SiYkyKESKcHRgz4,,NOT_EXISTS
7a546615-990d-4037-bb1d-9be40e369dbc,1a9eUc4DaTifV1GefZYPcZEnXQ4vBrVySCi6rhMGPwrcfcr2XzKxvdqvQoBiNUC3DAHsCU7eg7qMLGSpkpxAYKg,,NOT_EXISTS
7efaf7d3-30a9-4310-9eba-9722815d6cb6,1ZDqpKKbzFnP5XmovW7C3Ppu9oc9cfT29J89VWNba8bkywJatn2ZkJ64sVPMFSPMbA4Z877bff1eHciT8fQsknE,,NOT_EXISTS
6bb1c2b6-8c67-4c75-b5a4-a58426c67d2b,1Yt9Tr6amdXYWDyL9jLJ7Szb3omDusazK5gKCTS3NNEqi81PTvjpMhiBFBTzCWtSeQi8moSbpg3pvRKaJo4g7Bd,,NOT_EXISTS
7af317bf-a481-4829-8d52-020aa86c2b2f,1Y4jv8opNHUW1Q7gbHeNKgGDoWNcCyEgPg4NMdQHa3EGVCTqrdcHjYWH5Ktx7wWkPSVYD9c64cehC5vY6GgsfZN,,NOT_EXISTS
57d1ec9a-d93e-41e9-a421-ed2720b4bca5,1XBgaiqQKsUDqk1qBd1cqPD2zzWVJNikcBRnRXwDLfkgb2AbE3G3KvdqrEFPXQinoHrRzzpc6i4Cr3h38so6KDa,,NOT_EXISTS
